<?xml version="1.0" encoding="UTF-8"?>
<beans:beans
	xmlns="http://www.springframework.org/schema/mvc"
	xmlns:xsi="http://www.w3.org/2001/XMLSchema-instance"
	xmlns:beans="http://www.springframework.org/schema/beans"
	xmlns:context="http://www.springframework.org/schema/context"
	xmlns:task="http://www.springframework.org/schema/task"
	xsi:schemaLocation="http://www.springframework.org/schema/mvc https://www.springframework.org/schema/mvc/spring-mvc.xsd
      http://www.springframework.org/schema/beans https://www.springframework.org/schema/beans/spring-beans.xsd
      http://www.springframework.org/schema/context https://www.springframework.org/schema/context/spring-context.xsd
     http://www.springframework.org/schema/task http://www.springframework.org/schema/task/spring-task-4.3.xsd">

	<task:annotation-driven />
	<context:component-scan base-package="xxxx" />
	<beans:bean id="datasource"
		class="org.springframework.jdbc.datasource.DriverManagerDataSource">
		<beans:property name="driverClassName"
			value="com.mysql.cj.jdbc.Driver" />
		<beans:property name="url"
			value="jdbc:mysql://localhost:3306/mit" />
		<beans:property name="username" value="root" />
		<beans:property name="password" value="!Q@W3e4r" />
	</beans:bean>

	<beans:bean id="sqlSessionFactory"
		class="org.mybatis.spring.SqlSessionFactoryBean">
		<beans:property name="dataSource" ref="datasource" />
		<beans:property name="configLocation"
			value="/WEB-INF/config/mybatis/mybatis-config.xml" />
	</beans:bean>

	<beans:bean id="sqlSession"
		class="org.mybatis.spring.SqlSessionTemplate"
		destroy-method="clearCache">
		<beans:constructor-arg name="sqlSessionFactory"
			ref="sqlSessionFactory" />
	</beans:bean>

	<context:component-scan
		base-package="com.mit.service" />
	<context:component-scan
		base-package="com.mit.security" />
</beans:beans>