<?xml version="1.0" encoding="UTF-8"?>

<beans:beans
	xmlns="http://www.springframework.org/schema/security"
	xmlns:beans="http://www.springframework.org/schema/beans"
	xmlns:xsi="http://www.w3.org/2001/XMLSchema-instance"
	xsi:schemaLocation="http://www.springframework.org/schema/beans 
    https://www.springframework.org/schema/beans/spring-beans.xsd
    http://www.springframework.org/schema/security 
    http://www.springframework.org/schema/security/spring-security.xsd">

	<beans:bean id="passwordEncoder"
		class="org.springframework.security.crypto.bcrypt.BCryptPasswordEncoder" />

	<!-- 권한부여 -->
	<http auto-config="true" use-expressions="true">
		<intercept-url pattern="/product/productChange"
			access="isAuthenticated" />
		<intercept-url pattern="/" access="permitAll()" />				<!-- index(/)는 누구나 접근 가능 -->
		<intercept-url pattern="/pension" access="permitAll()" />
		<intercept-url pattern="/upload/**" access="permitAll()" />
		<intercept-url pattern="/resources/**"
			access="permitAll()" />
		<intercept-url pattern="/account" access="permitAll()" />				<!-- index(/)는 누구나 접근 가능 -->
		<intercept-url pattern="/user/auth" access="permitAll()" />
		<intercept-url pattern="/user/phoneCheck"
			access="permitAll()" />
		<intercept-url pattern="/user/friendSMS"
			access="permitAll()" />
		<intercept-url pattern="/user/friendRecommend"
			access="permitAll()" />
		<intercept-url pattern="/user/logIn"
			access="permitAll()" />
		<intercept-url pattern="/user/validate"
			access="permitAll()" />
		<intercept-url pattern="/user/register"
			access="permitAll()" />
		<intercept-url pattern="/user/recommendRegister/**"
			access="permitAll()" />
		<intercept-url pattern="/invest/**" access="permitAll()" />
		<intercept-url pattern="/product/**"
			access="permitAll()" />
		<intercept-url pattern="/showIRP" access="permitAll()" />
		<intercept-url pattern="/**" access="isAuthenticated" />


		<!-- 제공해주는 양식이 아닌 만든 페이지로 쓰겠다 -->
		<form-login username-parameter="username"
			password-parameter="password" login-processing-url="/user/auth"
			login-page="/user/logIn" default-target-url="/"
			authentication-success-handler-ref="userLogInSuccessHandler"
			authentication-failure-handler-ref="userLogInFailHandler" />
		<csrf disabled="true" />

		<logout logout-url="/user/logOut" logout-success-url="/"
			invalidate-session="true" />

		<csrf disabled="true" />

	</http>

	<authentication-manager>
		<authentication-provider
			ref="userAuthenticationProvider" />
	</authentication-manager>

</beans:beans>